{
  "ckpt": "outputs/2026-04-21/16-06-17/checkpoints/epoch=0-step=100000.ckpt",
  "horizon": 128,
  "n_contexts": 16,
  "context_length": 4,
  "anchor_prefix_size": 4,
  "noise_level": "context_amortization",
  "fvd": 579.6723876783352,
  "mse": 0.3699319362640381,
  "psnr": 10.339381217956543,
  "ssim": 0.13318835198879242,
  "uiqi": 0.017531484365463257,
  "lpips": 0.5040653944015503
}