{
  "ckpt": "outputs/2026-04-20/20-48-57/checkpoints/epoch=0-step=100000.ckpt",
  "horizon": 128,
  "n_contexts": 16,
  "context_length": 8,
  "anchor_prefix_size": 8,
  "noise_level": "context_amortization",
  "fvd": 635.2759178507525,
  "mse": 0.38350391387939453,
  "psnr": 10.182901382446289,
  "ssim": 0.08980520814657211,
  "uiqi": 0.012672689743340015,
  "lpips": 0.5088556408882141
}