{
  "ckpt": "outputs/2026-04-21/16-06-17/checkpoints/epoch=0-step=100000.ckpt",
  "horizon": 64,
  "n_contexts": 16,
  "context_length": 4,
  "anchor_prefix_size": 4,
  "noise_level": "context_amortization",
  "fvd": 824.7239785975117,
  "mse": 0.3642114996910095,
  "psnr": 10.407063484191895,
  "ssim": 0.1455971598625183,
  "uiqi": 0.021144267171621323,
  "lpips": 0.48383858799934387
}